id,food name,manufactured_date,oil_percentage,salt_percentage,chemical_composition,expiration_days
1,Paneer Tikka,10/31/2015,2.42,4.91,52.98,0.73
2,Jalebi,12/9/2012,1.05,2.63,40.03,29.47
3,Jalebi,2/15/2012,2.7,2.48,43.03,2.64
4,Samosa,3/27/2005,1.17,1.02,92.69,17.69
5,Samosa,8/27/2010,2.52,4.81,89.67,0.32
6,Vada Pav,1/14/2011,1.25,4.26,78.37,8.89
7,Pakora,4/8/2003,0.28,1.97,65.45,7.06
8,Aloo Gobi,3/27/2007,0.96,0.88,79.43,16.84
9,Malai Kofta,3/23/2000,4.75,1.23,35.9,11.16
10,Biryani,10/11/2021,2.68,1.6,57.24,16.52
11,Pav Bhaji,8/4/2002,0.48,3.68,32.98,0.01
12,Kheer,7/27/2006,4.54,0.65,7.83,23.72
13,Naan,3/31/2001,4.24,4.97,62.66,13.43
14,Biryani,3/20/2021,4.35,1.93,84.28,11.81
15,Pani Puri,3/21/2018,0.3,1.38,95.53,26.54
16,Chole Bhature,2/17/2001,1.85,1.63,13.0,8.77
17,Palak Paneer,5/20/2015,0.96,1.71,77.23,2.98
18,Rogan Josh,11/26/2003,4.24,0.07,30.05,18.84
19,Paneer Tikka,5/15/2009,3.17,0.4,2.57,9.13
20,Dosa,4/2/2015,4.09,1.69,55.75,7.77
21,Chole Bhature,8/7/2009,3.72,0.7,40.32,28.15
22,Tikka Masala,4/15/2015,3.62,3.66,2.19,9.47
23,Butter Chicken,12/19/2012,0.4,0.76,9.76,12.9
24,Pav Bhaji,7/19/2016,0.9,1.14,79.15,14.21
25,Jalebi,10/5/2000,4.8,4.26,30.76,7.01
26,Pav Bhaji,2/10/2018,0.89,4.41,39.66,8.24
27,Gulab Jamun,9/27/2016,3.1,0.25,73.64,0.66
28,Malai Kofta,9/6/2020,2.61,0.75,34.19,0.09
29,Vada Pav,3/27/2019,0.08,1.84,32.44,7.45
30,Naan,5/21/2019,1.57,4.52,96.98,23.29
31,Rogan Josh,7/31/2008,1.49,3.39,63.85,18.3
32,Butter Chicken,12/23/2012,0.06,4.82,3.96,29.57
33,Tikka Masala,9/30/2009,0.77,1.89,31.3,25.84
34,Dosa,1/3/2005,4.06,3.53,50.71,2.01
35,Vada Pav,8/2/2004,0.36,4.75,32.38,26.11
36,Kheer,2/12/2011,4.84,2.75,25.21,18.47
37,Aloo Gobi,3/15/2005,1.93,0.32,73.58,27.89
38,Lassi,6/20/2012,4.32,3.2,50.03,20.51
39,Pav Bhaji,3/25/2004,3.52,1.64,23.23,9.88
40,Pani Puri,7/9/2009,1.85,0.91,93.34,18.38
41,Gulab Jamun,9/7/2017,2.23,4.5,55.3,9.67
42,Lassi,2/1/2013,3.46,1.81,2.39,10.91
43,Samosa,2/6/2011,3.76,0.23,55.98,19.15
44,Paneer Tikka,1/24/2010,0.39,3.11,55.31,20.5
45,Paneer Tikka,4/25/2017,1.84,3.88,93.37,28.87
46,Naan,7/25/2003,3.19,0.61,42.36,1.79
47,Vada Pav,12/16/2011,4.31,2.07,73.57,13.94
48,Biryani,2/27/2006,4.64,2.8,66.68,9.53
49,Paneer Tikka,3/22/2006,2.28,1.35,92.86,2.81
50,Malai Kofta,10/12/2001,4.3,1.14,46.46,16.09
51,Pakora,1/15/2010,0.53,0.49,2.8,16.32
52,Aloo Gobi,8/15/2000,0.1,2.99,60.29,25.77
53,Butter Chicken,2/23/2009,4.96,4.14,90.78,14.88
54,Butter Chicken,7/4/2014,0.45,3.31,7.08,9.46
55,Rogan Josh,3/13/2013,0.51,0.54,12.71,0.18
56,Kheer,7/19/2011,3.59,2.81,48.21,4.71
57,Vada Pav,5/27/2017,0.29,1.5,56.84,5.3
58,Chole Bhature,9/18/2016,0.24,2.88,71.46,12.36
59,Biryani,11/21/2010,0.98,3.51,47.68,4.21
60,Palak Paneer,5/15/2008,2.88,4.01,93.18,0.73
61,Aloo Gobi,5/27/2017,0.94,2.64,17.15,11.87
62,Dosa,6/11/2020,1.61,3.9,69.68,18.22
63,Rogan Josh,8/23/2013,2.89,3.74,31.3,14.77
64,Vada Pav,7/7/2015,2.47,3.38,35.29,3.5
65,Gulab Jamun,4/15/2011,0.29,3.0,49.04,7.75
66,Rogan Josh,9/30/2014,3.48,0.92,46.74,18.82
67,Aloo Gobi,11/18/2012,4.92,4.98,43.09,27.23
68,Biryani,1/20/2016,4.53,1.94,42.75,24.81
69,Lassi,7/11/2000,4.51,1.81,89.42,23.66
70,Vada Pav,7/21/2000,0.74,4.67,85.08,10.4
71,Vada Pav,10/8/2020,0.7,3.98,25.11,21.24
72,Palak Paneer,8/18/2017,3.3,2.75,4.65,4.98
73,Pani Puri,6/11/2005,0.02,4.87,64.2,7.53
74,Rogan Josh,10/11/2014,2.05,4.67,87.28,24.78
75,Rogan Josh,12/4/2001,1.75,2.27,37.62,20.85
76,Aloo Gobi,3/4/2017,4.88,0.95,53.61,3.7
77,Naan,7/9/2002,3.66,0.62,48.33,28.38
78,Palak Paneer,4/26/2011,2.21,2.88,45.7,28.86
79,Tikka Masala,5/8/2021,1.94,2.74,8.89,19.93
80,Chole Bhature,10/19/2000,4.29,2.4,54.21,22.46
81,Pani Puri,10/11/2014,1.3,4.27,77.29,23.42
82,Pav Bhaji,7/21/2004,1.18,0.54,41.84,13.1
83,Pav Bhaji,3/13/2009,4.97,1.96,89.52,21.11
84,Palak Paneer,9/22/2010,1.02,2.73,7.22,12.16
85,Pav Bhaji,9/13/2014,0.91,4.06,9.75,6.51
86,Samosa,3/27/2019,2.14,2.39,47.78,1.39
87,Pav Bhaji,11/4/2001,2.4,1.05,27.73,12.42
88,Paneer Tikka,2/15/2005,2.24,2.92,24.88,22.61
89,Tikka Masala,9/8/2015,4.5,2.83,19.49,13.39
90,Biryani,7/20/2017,2.94,0.87,73.7,1.53
91,Naan,4/13/2001,2.59,1.67,13.28,27.55
92,Pani Puri,10/11/2000,2.24,2.09,89.68,18.71
93,Palak Paneer,12/3/2017,4.73,2.48,9.43,1.48
94,Aloo Gobi,8/5/2018,2.63,4.56,0.2,21.6
95,Pav Bhaji,4/7/2003,3.29,0.89,49.99,18.83
96,Vada Pav,8/2/2003,0.64,1.06,3.55,1.08
97,Paneer Tikka,9/15/2007,1.27,4.03,54.72,21.32
98,Lassi,12/13/2004,2.99,0.29,16.82,18.82
99,Paneer Tikka,11/16/2001,4.44,0.92,9.88,0.26
100,Malai Kofta,12/21/2020,2.61,1.61,96.8,11.09
101,Gulab Jamun,5/13/2016,0.85,1.23,0.81,4.4
102,Paneer Tikka,4/8/2001,2.68,4.01,64.83,29.53
103,Lassi,7/15/2018,2.06,1.53,51.2,18.87
104,Lassi,1/17/2003,4.89,2.64,62.21,11.01
105,Paneer Tikka,6/27/2016,2.58,1.14,3.17,25.62
106,Palak Paneer,7/28/2000,4.63,1.2,15.51,21.49
107,Gulab Jamun,9/28/2018,3.87,4.49,40.03,12.68
108,Gulab Jamun,2/16/2013,3.72,4.26,80.73,0.17
109,Biryani,10/17/2008,0.17,3.64,98.87,26.93
110,Dosa,4/23/2015,3.22,2.31,17.25,6.34
111,Pav Bhaji,3/21/2009,2.35,3.29,7.24,26.75
112,Palak Paneer,9/12/2019,3.8,4.98,57.55,19.21
113,Aloo Gobi,5/26/2012,1.47,2.3,50.97,8.01
114,Pani Puri,9/24/2002,3.37,0.8,57.77,22.8
115,Malai Kofta,11/13/2017,2.77,3.91,64.75,27.24
116,Biryani,11/6/2011,3.07,2.67,85.82,0.31
117,Paneer Tikka,8/28/2012,3.15,4.68,10.61,18.91
118,Pav Bhaji,2/8/2000,2.51,1.69,0.11,10.1
119,Chole Bhature,8/26/2017,2.55,3.89,3.4,5.79
120,Dosa,7/25/2010,2.16,2.12,99.55,7.96
121,Aloo Gobi,10/24/2015,4.28,3.07,32.8,16.45
122,Naan,11/21/2015,4.32,4.86,87.28,6.1
123,Jalebi,7/29/2000,1.3,0.56,67.68,16.96
124,Lassi,6/23/2011,0.39,0.61,53.5,26.41
125,Chole Bhature,5/24/2000,2.86,1.03,31.75,21.09
126,Kheer,1/12/2002,3.42,4.97,58.9,21.11
127,Jalebi,9/5/2021,0.68,0.11,94.61,10.64
128,Biryani,3/23/2019,3.04,3.39,24.06,5.94
129,Malai Kofta,11/11/2020,4.42,0.92,82.17,8.44
130,Dosa,7/8/2013,4.01,0.67,35.88,1.31
131,Samosa,10/2/2008,4.81,4.1,17.93,22.34
132,Jalebi,10/7/2019,0.81,4.34,7.42,9.97
133,Samosa,9/7/2012,0.26,1.83,98.93,27.16
134,Chole Bhature,6/30/2011,4.31,1.59,6.26,12.47
135,Rogan Josh,2/6/2004,2.52,1.94,11.67,3.15
136,Pav Bhaji,12/21/2007,1.38,0.87,36.55,29.77
137,Gulab Jamun,7/26/2000,3.73,3.43,42.71,10.25
138,Gulab Jamun,5/1/2001,4.53,1.44,14.25,25.51
139,Jalebi,4/27/2005,3.1,4.42,77.13,5.67
140,Aloo Gobi,10/6/2017,3.12,4.36,59.11,14.84
141,Vada Pav,10/15/2010,3.42,0.9,16.57,11.3
142,Pav Bhaji,9/29/2001,0.56,4.23,60.2,21.68
143,Pav Bhaji,7/4/2010,2.35,0.27,83.49,15.44
144,Chole Bhature,4/8/2001,3.7,1.88,52.76,13.15
145,Pani Puri,11/20/2002,3.1,2.16,49.74,22.59
146,Butter Chicken,11/24/2014,1.44,2.13,93.36,29.29
147,Gulab Jamun,3/28/2019,3.38,1.71,2.72,13.49
148,Chole Bhature,2/17/2014,2.49,0.85,92.09,12.95
149,Gulab Jamun,5/25/2006,3.2,0.26,61.84,8.67
150,Rogan Josh,4/8/2005,2.64,4.66,46.59,4.83
151,Samosa,5/7/2011,3.48,3.32,25.36,24.88
152,Butter Chicken,12/8/2012,4.78,2.56,8.69,23.9
153,Jalebi,11/16/2021,2.38,1.17,14.76,26.55
154,Pakora,10/28/2014,1.98,3.8,75.71,13.94
155,Tikka Masala,3/27/2016,0.9,0.83,17.69,26.27
156,Biryani,3/14/2002,0.67,1.99,85.15,21.27
157,Butter Chicken,8/22/2004,1.38,3.84,21.81,3.38
158,Naan,10/10/2016,1.76,1.55,1.97,17.77
159,Pav Bhaji,9/16/2019,4.34,0.15,76.54,11.41
160,Samosa,8/12/2009,4.24,0.9,58.38,0.06
161,Pakora,12/30/2013,1.26,2.52,69.29,26.66
162,Rogan Josh,5/2/2008,3.08,0.18,2.52,27.23
163,Paneer Tikka,10/12/2017,0.17,3.9,46.66,16.2
164,Rogan Josh,3/4/2010,4.27,4.56,18.99,2.33
165,Chole Bhature,7/16/2003,1.68,3.5,39.22,15.33
166,Kheer,2/19/2015,3.2,0.8,98.91,9.6
167,Tikka Masala,12/3/2004,0.0,1.48,3.28,7.51
168,Chole Bhature,6/28/2016,1.75,2.19,88.43,29.05
169,Pav Bhaji,8/6/2006,2.75,0.14,3.21,28.34
170,Tikka Masala,7/20/2005,3.24,0.71,93.3,2.64
171,Dosa,7/26/2021,2.62,1.38,59.31,19.85
172,Butter Chicken,1/25/2014,2.34,4.69,74.99,2.77
173,Malai Kofta,10/25/2011,1.85,0.17,44.27,2.52
174,Palak Paneer,7/17/2015,1.84,1.23,63.8,14.62
175,Pani Puri,3/5/2011,4.66,2.39,90.98,20.36
176,Butter Chicken,6/17/2005,1.8,2.21,62.18,5.99
177,Kheer,8/14/2020,2.32,3.66,96.33,18.17
178,Gulab Jamun,10/23/2019,3.09,4.18,68.21,1.71
179,Malai Kofta,1/10/2012,1.26,1.86,82.85,0.39
180,Gulab Jamun,8/22/2011,0.59,3.44,93.18,3.86
181,Malai Kofta,8/26/2002,3.37,1.67,99.99,19.37
182,Pani Puri,5/2/2006,0.13,0.84,55.32,16.41
183,Naan,11/9/2021,4.63,3.43,37.62,19.9
184,Biryani,10/5/2002,3.61,4.16,90.41,27.05
185,Kheer,7/27/2016,0.86,3.64,84.45,22.96
186,Pav Bhaji,1/10/2004,4.15,4.49,50.65,26.85
187,Rogan Josh,7/12/2008,1.75,0.85,69.8,22.3
188,Aloo Gobi,6/16/2013,2.69,3.72,52.37,25.45
189,Butter Chicken,1/8/2004,4.4,3.84,56.01,26.3
190,Pani Puri,5/22/2019,0.75,4.26,7.2,4.48
191,Pakora,3/9/2008,4.72,1.73,28.24,19.39
192,Pani Puri,2/12/2014,2.25,4.22,82.19,13.82
193,Tikka Masala,8/12/2003,2.23,4.71,19.96,26.62
194,Samosa,3/14/2017,4.24,0.17,5.97,6.12
195,Samosa,11/3/2019,0.96,2.3,98.05,15.67
196,Pakora,1/17/2003,4.93,3.04,84.53,2.25
197,Paneer Tikka,10/19/2008,0.42,1.49,11.72,20.81
198,Pani Puri,4/2/2002,0.43,3.38,69.02,5.52
199,Palak Paneer,1/18/2016,4.56,3.2,8.03,14.49
200,Pav Bhaji,8/22/2014,3.31,3.36,82.52,4.08
201,Vada Pav,7/13/2010,2.58,0.5,43.48,23.54
202,Naan,5/27/2012,2.8,2.36,96.85,22.72
203,Biryani,3/3/2021,1.23,1.79,41.58,28.45
204,Chole Bhature,11/12/2001,1.37,2.85,65.89,10.62
205,Gulab Jamun,10/25/2010,0.19,1.52,5.87,22.8
206,Chole Bhature,9/1/2006,3.01,4.54,1.02,25.09
207,Butter Chicken,4/15/2007,1.22,0.97,56.25,23.75
208,Pani Puri,8/13/2013,1.85,3.96,27.18,17.12
209,Pani Puri,4/21/2016,3.25,4.26,61.14,10.49
210,Biryani,6/20/2000,2.92,1.76,1.24,26.19
211,Kheer,6/29/2008,1.27,4.18,29.56,5.91
212,Gulab Jamun,7/16/2003,3.2,3.41,46.37,21.66
213,Pani Puri,4/1/2009,2.02,1.84,77.94,2.37
214,Vada Pav,6/11/2010,3.31,0.28,8.15,16.4
215,Malai Kofta,1/13/2003,2.78,2.31,51.06,17.72
216,Samosa,6/16/2001,3.23,2.4,24.7,27.11
217,Paneer Tikka,3/21/2013,2.1,4.25,8.15,9.91
218,Tikka Masala,5/24/2006,4.37,1.39,37.68,26.91
219,Lassi,4/22/2005,4.22,1.38,88.96,22.14
220,Kheer,9/12/2003,3.28,2.05,91.87,18.19
221,Pani Puri,8/17/2015,2.53,1.81,84.25,5.03
222,Jalebi,12/28/2006,0.15,0.51,76.47,17.22
223,Gulab Jamun,5/30/2000,1.95,1.2,16.64,16.16
224,Kheer,7/25/2005,1.83,3.13,31.19,27.44
225,Malai Kofta,1/8/2013,1.92,0.27,23.14,8.51
226,Butter Chicken,6/7/2005,0.87,0.77,22.97,5.27
227,Pakora,4/11/2001,3.78,4.6,8.15,5.18
228,Vada Pav,1/2/2010,4.22,1.46,26.47,10.39
229,Tikka Masala,10/21/2017,1.25,4.39,99.4,8.29
230,Malai Kofta,6/23/2008,1.27,4.7,71.28,9.36
231,Dosa,9/1/2000,1.12,4.71,55.63,3.03
232,Pakora,5/16/2006,4.34,1.37,97.13,0.51
233,Pani Puri,9/9/2010,1.66,2.89,4.53,11.36
234,Chole Bhature,11/21/2003,1.2,4.97,68.68,15.39
235,Vada Pav,3/24/2012,2.16,3.08,74.45,22.46
236,Samosa,1/25/2001,2.65,2.49,54.52,22.18
237,Kheer,4/14/2006,2.95,2.23,82.44,20.02
238,Samosa,2/20/2000,1.79,4.89,28.72,19.42
239,Biryani,11/15/2002,3.07,4.26,39.87,9.55
240,Vada Pav,11/22/2012,1.11,1.14,98.53,3.95
241,Malai Kofta,12/15/2017,1.92,1.83,36.38,1.58
242,Dosa,11/26/2009,4.62,2.01,77.99,24.8
243,Kheer,10/30/2000,3.53,4.9,59.62,1.15
244,Gulab Jamun,2/2/2007,1.1,4.39,48.34,17.05
245,Tikka Masala,6/27/2003,0.62,1.59,33.23,16.06
246,Chole Bhature,11/22/2012,2.3,0.41,52.7,8.25
247,Malai Kofta,3/7/2015,0.86,3.97,24.33,27.85
248,Naan,3/30/2012,1.17,4.05,0.35,1.98
249,Pav Bhaji,1/8/2017,3.19,0.27,98.04,25.39
250,Jalebi,8/7/2019,0.16,1.61,68.23,15.93
251,Rogan Josh,6/2/2009,4.88,3.96,77.94,8.23
252,Rogan Josh,5/7/2006,0.68,1.95,21.17,10.36
253,Chole Bhature,7/15/2016,1.37,2.82,91.21,5.53
254,Rogan Josh,6/15/2015,1.34,4.92,44.82,4.8
255,Rogan Josh,6/16/2007,2.96,4.35,10.71,24.08
256,Rogan Josh,2/3/2012,3.36,2.01,89.85,26.75
257,Palak Paneer,7/3/2007,3.34,0.68,23.79,7.44
258,Biryani,3/7/2014,0.23,4.93,30.9,26.23
259,Dosa,9/20/2006,1.44,2.54,72.22,11.43
260,Dosa,3/15/2021,4.23,3.96,50.59,24.6
261,Butter Chicken,7/19/2000,3.01,3.92,65.15,0.03
262,Pani Puri,11/16/2000,0.88,0.81,30.33,16.51
263,Samosa,8/19/2021,3.37,2.02,32.15,13.34
264,Pav Bhaji,12/12/2019,3.84,3.07,39.03,27.85
265,Rogan Josh,2/20/2008,3.02,2.35,91.21,13.14
266,Jalebi,7/25/2006,1.42,1.19,14.08,28.8
267,Lassi,2/28/2016,2.82,3.22,80.69,13.59
268,Jalebi,8/19/2017,0.18,3.11,27.18,6.13
269,Palak Paneer,6/3/2017,3.65,4.04,97.27,12.2
270,Chole Bhature,9/4/2021,3.22,1.53,1.28,3.46
271,Pani Puri,4/10/2007,3.14,4.86,7.75,15.56
272,Rogan Josh,1/10/2003,1.25,0.86,2.84,17.55
273,Malai Kofta,6/26/2013,2.1,0.44,59.11,5.9
274,Dosa,1/3/2015,3.56,4.13,77.19,28.45
275,Lassi,9/11/2018,3.8,1.86,22.09,10.43
276,Lassi,2/21/2007,0.22,2.42,73.22,24.47
277,Tikka Masala,5/7/2013,2.45,2.01,74.73,4.73
278,Aloo Gobi,10/18/2012,2.82,4.6,7.59,2.4
279,Chole Bhature,10/22/2012,0.18,1.78,3.16,17.02
280,Paneer Tikka,9/12/2004,0.87,2.83,69.36,8.21
281,Rogan Josh,2/15/2021,3.51,1.12,77.48,20.14
282,Samosa,12/6/2002,3.51,4.29,66.37,21.38
283,Butter Chicken,4/7/2006,3.55,3.26,40.61,18.06
284,Kheer,1/13/2007,4.54,4.54,49.52,26.95
285,Gulab Jamun,8/29/2010,2.58,2.19,5.77,8.01
286,Butter Chicken,3/5/2012,0.4,1.08,65.63,28.7
287,Jalebi,4/1/2021,0.25,4.29,10.61,7.53
288,Lassi,11/10/2000,0.31,1.91,16.34,17.96
289,Aloo Gobi,11/25/2009,4.68,0.68,86.67,5.87
290,Gulab Jamun,3/9/2015,0.11,0.38,98.82,17.42
291,Samosa,9/19/2008,1.02,1.88,70.72,14.75
292,Chole Bhature,5/26/2011,0.76,3.02,10.82,24.44
293,Biryani,7/19/2002,1.47,1.42,61.73,15.77
294,Naan,9/29/2008,2.03,2.64,75.24,5.76
295,Malai Kofta,11/13/2002,1.81,0.21,53.63,3.02
296,Pani Puri,5/10/2019,3.5,4.91,79.69,29.56
297,Chole Bhature,5/29/2016,0.77,4.45,97.1,1.52
298,Biryani,2/27/2000,3.57,3.41,63.21,25.19
299,Lassi,9/23/2019,0.46,2.3,77.18,28.08
300,Palak Paneer,8/20/2018,0.69,3.17,2.1,13.0
301,Dosa,9/3/2010,2.65,0.02,20.26,25.53
302,Samosa,10/14/2020,1.48,2.18,77.71,25.76
303,Palak Paneer,12/21/2001,2.87,3.88,14.55,25.08
304,Lassi,1/23/2019,3.26,4.4,8.38,29.09
305,Biryani,1/20/2005,0.88,1.54,10.62,22.91
306,Gulab Jamun,3/13/2006,0.67,2.95,68.58,11.77
307,Kheer,9/17/2007,1.96,4.28,88.72,16.08
308,Vada Pav,7/17/2001,4.6,2.91,52.57,19.55
309,Samosa,4/9/2018,1.37,4.65,67.64,0.89
310,Pav Bhaji,7/18/2001,0.76,1.01,2.19,11.98
311,Butter Chicken,11/25/2012,1.52,2.92,61.32,0.92
312,Naan,1/10/2016,1.1,4.53,99.77,19.14
313,Naan,4/22/2016,3.07,3.01,62.44,24.55
314,Butter Chicken,12/15/2011,4.42,2.44,82.3,16.51
315,Gulab Jamun,3/15/2018,4.5,4.3,84.35,17.16
316,Pakora,8/13/2010,2.92,4.8,45.26,25.97
317,Palak Paneer,12/25/2019,0.92,2.49,31.19,24.22
318,Rogan Josh,3/30/2014,1.81,4.15,5.7,17.08
319,Vada Pav,12/7/2013,0.84,3.09,51.72,10.97
320,Chole Bhature,12/24/2020,1.93,4.18,29.78,25.72
321,Palak Paneer,8/17/2019,2.67,3.93,57.83,2.57
322,Butter Chicken,9/14/2007,0.84,0.64,60.74,11.18
323,Dosa,12/28/2005,4.93,3.39,65.79,6.26
324,Dosa,5/27/2010,4.03,1.19,78.5,3.49
325,Gulab Jamun,5/2/2007,4.63,0.36,73.14,12.28
326,Palak Paneer,10/13/2011,2.96,1.51,95.03,22.41
327,Gulab Jamun,5/23/2000,1.39,0.99,12.7,26.84
328,Pakora,9/23/2018,2.58,0.26,99.08,15.22
329,Aloo Gobi,7/26/2014,3.07,0.09,38.87,9.05
330,Palak Paneer,2/16/2007,0.16,2.45,69.16,1.33
331,Palak Paneer,7/20/2002,4.29,0.64,54.4,10.99
332,Malai Kofta,6/27/2005,0.3,2.87,40.7,4.93
333,Paneer Tikka,1/19/2017,1.41,1.36,75.42,2.68
334,Lassi,2/14/2008,3.1,2.78,31.19,15.26
335,Vada Pav,2/24/2009,0.59,2.68,19.99,14.92
336,Vada Pav,3/5/2011,3.29,0.31,33.03,14.66
337,Malai Kofta,10/26/2011,2.42,3.35,64.83,9.25
338,Tikka Masala,1/30/2016,2.87,0.01,85.69,10.31
339,Butter Chicken,2/4/2001,4.78,3.27,87.34,26.32
340,Naan,4/20/2010,2.75,2.67,65.41,4.73
341,Rogan Josh,8/7/2012,3.24,2.68,90.99,19.71
342,Pani Puri,4/30/2008,1.84,4.67,89.77,17.37
343,Aloo Gobi,10/22/2001,4.33,3.41,9.28,0.37
344,Paneer Tikka,10/18/2008,2.57,4.48,30.69,23.26
345,Kheer,6/18/2002,0.66,0.87,46.51,19.65
346,Butter Chicken,5/4/2011,1.09,3.57,19.15,27.57
347,Pakora,2/12/2019,4.19,4.34,0.05,22.69
348,Vada Pav,4/25/2014,4.44,4.95,75.61,25.91
349,Samosa,7/25/2001,2.5,4.48,12.36,6.31
350,Jalebi,10/19/2000,1.55,2.15,69.93,27.4
351,Jalebi,4/17/2016,3.93,0.82,88.26,9.43
352,Biryani,8/23/2011,1.01,3.39,77.61,9.79
353,Kheer,2/12/2000,1.17,0.74,92.38,16.3
354,Vada Pav,10/20/2000,2.15,1.44,13.3,22.45
355,Palak Paneer,4/4/2014,0.26,0.75,5.89,7.69
356,Tikka Masala,3/16/2003,2.47,2.61,35.82,26.0
357,Paneer Tikka,8/2/2007,3.08,0.94,93.36,2.47
358,Jalebi,9/1/2003,3.02,1.27,98.77,8.23
359,Aloo Gobi,11/9/2011,1.0,4.02,11.46,12.67
360,Lassi,3/22/2000,3.17,4.24,93.81,15.77
361,Dosa,11/21/2009,4.44,3.35,58.46,1.98
362,Gulab Jamun,3/28/2014,1.55,2.13,57.95,26.17
363,Aloo Gobi,10/2/2018,3.5,3.68,93.81,23.63
364,Vada Pav,9/19/2001,4.54,4.43,77.93,27.05
365,Dosa,1/7/2013,1.67,2.83,21.05,20.66
366,Chole Bhature,2/27/2002,2.34,2.18,71.02,24.99
367,Butter Chicken,1/18/2002,1.45,0.93,51.51,7.44
368,Chole Bhature,7/22/2008,3.16,2.82,41.59,14.87
369,Gulab Jamun,11/13/2012,3.62,2.59,12.07,29.26
370,Lassi,8/21/2000,0.2,2.36,30.04,16.54
371,Dosa,3/9/2014,1.94,2.35,25.48,1.29
372,Chole Bhature,2/11/2000,0.73,1.44,50.22,6.01
373,Naan,6/26/2016,4.0,3.04,89.78,13.95
374,Palak Paneer,10/7/2013,1.82,2.54,8.49,1.27
375,Samosa,4/12/2018,1.07,4.19,18.98,27.09
376,Jalebi,3/6/2014,3.0,0.76,45.79,13.63
377,Pani Puri,9/5/2008,3.27,2.42,22.86,25.19
378,Samosa,6/12/2020,4.43,1.55,88.96,16.84
379,Pani Puri,5/13/2007,4.03,3.67,18.01,27.62
380,Rogan Josh,10/7/2002,3.69,1.7,20.27,20.5
381,Dosa,10/4/2011,0.13,2.97,35.71,13.64
382,Malai Kofta,11/26/2020,3.31,4.91,82.06,9.2
383,Aloo Gobi,4/11/2019,0.23,0.05,41.2,10.42
384,Paneer Tikka,10/31/2021,1.03,2.15,35.51,10.83
385,Rogan Josh,2/19/2020,2.24,0.69,43.53,23.79
386,Pakora,1/13/2011,0.81,1.76,14.15,28.98
387,Tikka Masala,4/2/2015,1.1,2.09,90.12,4.87
388,Samosa,3/2/2019,3.83,1.34,33.55,6.51
389,Samosa,4/3/2008,0.34,3.79,95.78,1.91
390,Dosa,1/11/2007,1.55,1.59,86.73,16.77
391,Tikka Masala,1/25/2011,2.73,4.01,95.15,12.27
392,Chole Bhature,7/12/2015,0.95,4.01,11.65,1.84
393,Kheer,6/10/2021,2.1,0.68,47.89,7.27
394,Vada Pav,6/1/2014,0.21,2.23,27.85,17.36
395,Aloo Gobi,5/17/2003,1.41,2.27,95.99,13.8
396,Samosa,5/21/2003,2.02,1.41,30.68,9.39
397,Lassi,4/12/2011,3.73,2.24,36.85,18.63
398,Malai Kofta,8/20/2012,3.42,4.81,95.18,18.34
399,Paneer Tikka,1/3/2000,0.69,1.13,76.57,3.24
400,Chole Bhature,6/3/2020,3.87,3.82,79.52,9.68
401,Samosa,12/14/2015,3.97,3.48,92.57,17.37
402,Pani Puri,3/22/2004,3.77,2.33,82.16,4.36
403,Malai Kofta,8/22/2008,4.21,0.14,65.33,19.89
404,Gulab Jamun,4/26/2016,3.84,0.16,61.55,28.97
405,Palak Paneer,5/12/2017,0.79,0.62,44.47,5.91
406,Butter Chicken,1/22/2016,0.27,0.31,28.17,7.11
407,Jalebi,5/30/2005,2.53,4.9,3.48,15.1
408,Butter Chicken,11/15/2005,0.23,2.24,89.84,16.94
409,Rogan Josh,5/15/2012,3.04,0.92,78.84,3.05
410,Chole Bhature,12/14/2015,3.99,4.52,3.99,10.58
411,Kheer,2/28/2009,1.19,4.09,42.16,15.02
412,Pav Bhaji,4/3/2006,4.45,2.93,82.59,18.07
413,Chole Bhature,7/13/2008,4.59,3.81,24.73,23.15
414,Chole Bhature,4/30/2017,1.54,3.65,66.5,27.42
415,Pav Bhaji,9/22/2012,1.35,1.17,19.62,20.32
416,Dosa,7/11/2008,4.19,4.73,86.97,22.4
417,Vada Pav,9/21/2014,4.79,3.88,95.79,18.8
418,Pav Bhaji,2/6/2017,3.71,2.59,82.32,10.99
419,Jalebi,11/9/2020,0.54,3.65,73.92,28.6
420,Chole Bhature,9/3/2005,3.03,0.62,91.46,17.72
421,Aloo Gobi,12/12/2017,0.96,0.05,90.84,29.89
422,Jalebi,1/12/2011,0.38,3.36,33.53,14.84
423,Naan,3/16/2002,4.88,4.27,57.13,16.68
424,Biryani,3/10/2008,1.48,1.17,54.8,1.79
425,Pav Bhaji,10/23/2009,2.14,2.81,27.71,1.42
426,Samosa,4/25/2011,2.0,1.39,66.75,11.2
427,Rogan Josh,7/15/2008,3.14,0.89,77.05,11.43
428,Paneer Tikka,6/12/2013,1.21,4.9,88.28,23.88
429,Aloo Gobi,12/12/2020,4.59,0.42,56.55,28.97
430,Paneer Tikka,10/31/2000,1.54,1.83,53.17,22.8
431,Naan,1/26/2016,3.12,0.9,59.16,29.88
432,Naan,2/14/2002,0.84,2.16,44.64,13.28
433,Lassi,10/27/2000,4.72,2.77,90.68,24.59
434,Malai Kofta,1/25/2011,3.87,2.33,77.57,28.79
435,Chole Bhature,11/23/2019,2.26,0.62,49.72,5.74
436,Gulab Jamun,9/14/2006,3.63,0.23,53.75,15.64
437,Aloo Gobi,4/11/2019,1.23,2.88,37.56,9.25
438,Butter Chicken,12/16/2019,1.33,1.68,48.13,26.43
439,Paneer Tikka,6/10/2003,3.31,0.03,79.1,20.57
440,Dosa,7/20/2011,3.03,4.86,47.15,6.57
441,Vada Pav,8/18/2018,2.0,0.64,23.03,1.61
442,Pakora,4/12/2014,2.86,2.06,9.25,19.29
443,Kheer,1/4/2004,3.42,2.98,48.51,2.63
444,Naan,10/31/2013,0.33,2.64,16.08,28.84
445,Lassi,12/10/2008,4.57,1.28,47.67,22.44
446,Butter Chicken,6/19/2003,1.11,2.23,69.96,12.89
447,Malai Kofta,8/2/2011,0.22,2.97,98.21,13.64
448,Tikka Masala,3/30/2006,2.16,4.66,77.17,23.71
449,Aloo Gobi,1/13/2005,4.91,0.72,37.77,20.25
450,Kheer,1/8/2009,2.13,3.09,61.17,23.49
451,Paneer Tikka,2/9/2014,4.78,4.75,44.36,18.13
452,Naan,5/29/2021,0.99,1.01,47.33,13.16
453,Rogan Josh,5/7/2017,1.94,2.12,23.42,14.74
454,Butter Chicken,5/9/2000,4.13,1.45,34.54,0.79
455,Vada Pav,7/9/2015,0.28,0.75,65.32,0.63
456,Aloo Gobi,3/20/2013,1.12,3.91,88.99,20.68
457,Kheer,8/18/2005,4.4,4.68,74.94,8.66
458,Vada Pav,3/17/2017,0.07,4.72,50.81,7.83
459,Aloo Gobi,12/2/2006,2.61,2.5,80.24,11.63
460,Gulab Jamun,4/8/2004,0.24,4.24,20.73,8.91
461,Tikka Masala,9/28/2007,3.21,2.98,89.05,23.1
462,Vada Pav,3/17/2006,4.07,4.73,37.16,1.11
463,Kheer,10/29/2006,3.35,0.02,37.61,18.43
464,Tikka Masala,11/12/2009,0.43,0.32,82.88,10.02
465,Gulab Jamun,8/14/2005,1.95,3.89,92.72,13.65
466,Chole Bhature,3/22/2013,2.91,0.25,36.24,7.21
467,Jalebi,6/21/2009,1.04,1.67,96.32,22.65
468,Rogan Josh,4/25/2021,2.92,2.05,93.3,19.26
469,Palak Paneer,4/14/2009,3.28,3.6,2.31,4.09
470,Vada Pav,5/26/2010,2.95,2.87,59.6,25.06
471,Pav Bhaji,4/25/2002,1.55,1.62,91.15,3.36
472,Jalebi,2/16/2004,1.22,4.34,79.75,15.78
473,Dosa,8/8/2013,1.85,3.42,22.88,5.53
474,Chole Bhature,12/10/2009,0.18,2.03,43.51,24.76
475,Vada Pav,6/11/2015,4.73,0.46,2.32,14.69
476,Aloo Gobi,12/1/2004,2.82,4.32,37.55,11.99
477,Gulab Jamun,12/15/2019,3.84,1.24,47.81,27.42
478,Biryani,5/8/2003,3.19,0.71,33.16,22.22
479,Samosa,5/1/2013,1.2,4.4,70.11,26.03
480,Jalebi,9/5/2021,1.64,0.14,70.79,25.27
481,Vada Pav,3/10/2003,0.25,4.0,47.21,1.87
482,Chole Bhature,10/27/2020,2.51,1.08,88.55,25.26
483,Pakora,10/9/2020,3.6,2.79,85.07,19.86
484,Palak Paneer,3/4/2019,1.45,4.87,81.93,5.64
485,Jalebi,7/13/2017,4.17,3.24,0.82,25.97
486,Gulab Jamun,12/27/2014,3.97,2.99,45.35,3.46
487,Paneer Tikka,10/10/2007,1.16,0.35,74.5,20.35
488,Kheer,2/15/2004,1.7,3.37,79.08,5.59
489,Gulab Jamun,2/1/2005,2.92,1.74,27.62,27.24
490,Pakora,2/9/2004,0.37,0.61,72.59,14.74
491,Kheer,10/8/2019,4.91,4.71,36.01,26.97
492,Palak Paneer,6/1/2004,4.45,2.38,38.1,17.56
493,Pav Bhaji,5/16/2001,1.13,1.3,31.13,12.47
494,Naan,6/21/2020,1.26,0.7,71.5,13.88
495,Pav Bhaji,1/17/2004,2.49,1.42,54.29,20.79
496,Chole Bhature,9/15/2005,0.29,4.45,43.18,3.23
497,Gulab Jamun,6/29/2001,3.98,1.39,94.83,7.83
498,Butter Chicken,9/19/2006,4.41,3.29,21.62,7.29
499,Pani Puri,4/7/2020,4.21,1.37,26.26,24.0
500,Pakora,8/13/2012,2.15,1.77,0.97,23.48
501,Pani Puri,3/15/2014,1.27,4.94,77.21,6.53
502,Kheer,8/24/2021,3.23,3.79,82.3,19.26
503,Tikka Masala,2/17/2010,1.76,1.5,26.33,1.56
504,Kheer,3/5/2001,2.7,0.99,47.75,25.9
505,Samosa,4/30/2012,0.72,3.26,2.66,16.49
506,Palak Paneer,9/2/2014,3.19,4.53,98.91,26.16
507,Palak Paneer,1/31/2009,2.69,4.81,43.53,22.07
508,Butter Chicken,1/11/2000,4.1,1.93,11.73,18.0
509,Butter Chicken,12/9/2019,4.3,4.71,87.78,24.22
510,Malai Kofta,9/19/2008,0.83,2.28,80.93,17.71
511,Dosa,3/31/2002,1.72,4.45,86.51,20.75
512,Pakora,11/1/2019,3.06,0.33,57.72,10.57
513,Palak Paneer,9/8/2019,2.65,0.53,14.82,2.82
514,Gulab Jamun,12/24/2005,0.42,4.69,71.83,3.09
515,Chole Bhature,1/5/2012,0.51,0.17,67.88,17.34
516,Jalebi,10/15/2009,0.98,1.42,32.63,4.63
517,Kheer,4/14/2001,4.12,3.52,53.08,10.74
518,Rogan Josh,1/17/2011,4.76,2.3,34.8,13.52
519,Pani Puri,12/18/2003,3.85,4.05,89.95,10.12
520,Butter Chicken,7/23/2005,1.51,2.45,19.41,8.95
521,Samosa,11/20/2005,3.87,2.6,32.87,8.23
522,Tikka Masala,4/10/2009,4.03,0.56,71.3,13.16
523,Aloo Gobi,3/15/2010,2.91,1.29,21.98,22.06
524,Dosa,4/30/2016,4.62,2.77,74.26,15.77
525,Pav Bhaji,7/4/2002,0.91,0.76,45.28,22.51
526,Biryani,5/31/2007,2.97,3.92,23.06,19.75
527,Tikka Masala,12/9/2009,2.73,4.66,56.67,18.61
528,Rogan Josh,2/10/2021,2.76,1.84,84.91,26.54
529,Aloo Gobi,5/28/2006,1.53,3.64,53.04,1.89
530,Vada Pav,7/11/2014,4.77,4.6,33.73,26.39
531,Rogan Josh,8/24/2020,0.15,3.13,91.84,27.32
532,Jalebi,8/7/2017,2.57,0.46,14.21,1.08
533,Kheer,9/10/2020,0.07,2.4,65.99,9.47
534,Paneer Tikka,3/2/2011,3.43,4.16,41.68,1.67
535,Palak Paneer,5/26/2007,4.68,3.71,41.29,7.14
536,Lassi,8/18/2003,2.3,4.16,94.13,7.91
537,Tikka Masala,12/11/2019,4.3,3.97,33.76,19.47
538,Rogan Josh,7/24/2012,1.87,0.58,22.28,17.36
539,Vada Pav,3/24/2016,0.87,2.31,87.07,22.6
540,Rogan Josh,5/22/2001,2.53,0.45,87.03,13.61
541,Malai Kofta,6/25/2012,2.55,2.55,11.71,21.86
542,Lassi,9/2/2021,3.34,0.26,49.0,7.9
543,Aloo Gobi,11/28/2005,3.37,0.06,68.96,23.81
544,Pav Bhaji,7/19/2012,3.36,0.97,67.96,15.36
545,Pakora,11/17/2004,4.28,2.1,98.32,19.81
546,Samosa,5/17/2002,4.43,3.58,48.12,5.19
547,Pani Puri,6/20/2000,0.89,4.31,99.74,12.65
548,Malai Kofta,3/31/2007,4.47,4.47,20.49,27.11
549,Aloo Gobi,8/21/2008,4.32,3.81,55.55,2.44
550,Paneer Tikka,10/11/2015,2.23,0.31,12.41,7.04
551,Jalebi,2/27/2010,3.64,1.31,62.96,11.09
552,Dosa,9/9/2006,4.78,4.13,97.4,18.89
553,Jalebi,1/27/2009,3.15,4.61,77.47,27.69
554,Malai Kofta,3/20/2013,4.93,1.88,63.05,0.79
555,Jalebi,6/16/2003,0.29,2.06,12.69,26.15
556,Butter Chicken,9/24/2018,2.31,3.53,73.94,15.29
557,Paneer Tikka,7/26/2019,2.1,3.02,49.79,19.33
558,Biryani,10/28/2012,2.08,0.81,31.23,20.97
559,Butter Chicken,6/15/2019,0.13,0.91,90.31,13.31
560,Aloo Gobi,5/31/2016,4.24,1.84,76.64,13.99
561,Paneer Tikka,9/17/2011,2.86,4.57,42.39,1.83
562,Palak Paneer,4/28/2009,1.92,3.81,0.42,15.9
563,Dosa,6/2/2019,3.82,2.34,93.38,17.44
564,Lassi,2/4/2009,3.67,3.54,38.6,19.23
565,Palak Paneer,6/7/2001,4.03,4.71,40.3,15.89
566,Samosa,11/14/2021,1.26,2.47,23.32,13.08
567,Dosa,5/17/2013,3.29,1.94,3.73,19.04
568,Samosa,3/14/2003,2.73,0.82,20.84,27.31
569,Biryani,3/25/2018,0.27,4.85,75.23,24.08
570,Malai Kofta,3/7/2013,4.33,4.86,65.28,4.83
571,Pav Bhaji,5/12/2001,0.84,3.0,74.0,9.45
572,Pani Puri,4/6/2000,2.23,0.76,4.98,27.14
573,Pakora,4/14/2009,1.25,3.42,67.85,2.71
574,Aloo Gobi,8/16/2006,4.74,1.01,51.22,13.28
575,Butter Chicken,4/9/2015,2.03,2.67,66.68,22.06
576,Lassi,3/8/2014,4.68,2.16,25.88,23.58
577,Jalebi,12/18/2014,0.72,3.09,57.32,8.27
578,Dosa,2/13/2008,0.19,2.29,33.25,21.44
579,Lassi,11/11/2018,4.73,1.44,97.57,22.68
580,Biryani,8/2/2002,3.49,2.64,14.25,27.21
581,Jalebi,8/15/2011,0.25,0.03,20.82,14.44
582,Pav Bhaji,4/29/2012,1.46,1.02,97.53,26.57
583,Malai Kofta,10/14/2017,4.22,4.68,88.58,0.1
584,Naan,4/1/2011,0.83,3.38,95.9,8.19
585,Gulab Jamun,4/3/2020,4.14,1.17,88.84,3.99
586,Vada Pav,1/30/2007,3.28,2.68,58.93,29.41
587,Rogan Josh,4/24/2007,1.78,0.79,26.67,20.73
588,Samosa,2/5/2013,0.64,3.37,57.62,27.1
589,Aloo Gobi,8/31/2019,1.37,3.64,8.03,29.22
590,Butter Chicken,10/27/2017,3.26,0.08,97.42,1.06
591,Pani Puri,9/28/2009,1.02,0.61,46.77,15.36
592,Jalebi,6/27/2018,4.7,4.45,2.21,28.14
593,Vada Pav,3/2/2014,0.89,2.21,98.34,28.07
594,Butter Chicken,10/14/2003,1.42,3.15,76.72,14.3
595,Naan,6/3/2021,4.67,3.96,66.35,8.54
596,Samosa,8/18/2001,2.84,2.79,30.36,26.48
597,Chole Bhature,8/4/2020,4.46,3.82,34.23,7.2
598,Butter Chicken,6/19/2003,0.19,3.86,55.97,19.19
599,Paneer Tikka,12/13/2009,1.44,2.01,94.85,22.47
600,Malai Kofta,10/8/2010,1.98,0.38,76.02,17.02
601,Butter Chicken,12/4/2013,4.42,1.21,75.45,19.13
602,Rogan Josh,10/28/2018,0.18,0.42,64.03,9.95
603,Dosa,5/19/2000,4.88,4.42,49.2,29.61
604,Biryani,4/6/2020,1.47,2.17,14.63,6.32
605,Tikka Masala,7/16/2005,4.39,4.03,59.17,17.3
606,Pakora,11/16/2021,2.63,2.58,7.24,16.1
607,Pakora,8/21/2009,2.22,2.01,41.43,5.16
608,Tikka Masala,8/2/2017,3.48,1.5,38.67,21.81
609,Kheer,1/23/2001,2.52,1.17,16.57,12.15
610,Palak Paneer,5/21/2014,4.56,1.14,30.89,18.41
611,Aloo Gobi,7/22/2014,0.41,3.59,52.56,17.31
612,Pakora,10/8/2007,1.63,2.78,26.99,22.26
613,Lassi,2/6/2014,3.16,4.32,97.2,5.57
614,Pakora,4/12/2006,4.62,0.18,76.55,20.11
615,Vada Pav,9/12/2006,2.13,2.18,82.52,12.53
616,Tikka Masala,6/23/2005,0.31,1.16,44.31,16.0
617,Butter Chicken,8/2/2021,2.41,3.99,20.14,10.99
618,Dosa,7/24/2003,2.07,2.51,29.28,25.69
619,Paneer Tikka,12/25/2021,3.32,2.49,2.74,13.21
620,Paneer Tikka,12/9/2001,4.39,2.32,73.36,24.37
621,Pav Bhaji,8/28/2017,0.34,2.81,1.73,0.59
622,Palak Paneer,12/9/2004,4.3,1.35,34.0,25.63
623,Butter Chicken,12/6/2009,3.45,3.55,92.65,14.69
624,Biryani,7/2/2004,3.11,1.78,8.09,12.03
625,Biryani,8/17/2014,3.93,4.8,97.12,24.52
626,Samosa,4/30/2010,1.25,4.23,84.64,18.07
627,Chole Bhature,10/25/2017,2.93,1.59,5.44,5.42
628,Pani Puri,5/13/2017,1.86,2.69,36.67,16.57
629,Naan,2/8/2003,4.7,4.93,53.81,10.15
630,Pav Bhaji,8/23/2009,2.74,4.87,87.03,0.97
631,Vada Pav,2/6/2004,4.2,3.25,4.87,3.23
632,Jalebi,8/4/2002,4.52,2.68,45.07,22.9
633,Biryani,8/27/2007,4.69,4.98,52.97,5.87
634,Naan,1/15/2011,4.19,4.87,14.8,2.75
635,Jalebi,11/18/2015,4.97,1.26,10.08,4.47
636,Rogan Josh,4/28/2005,1.18,2.8,70.15,14.62
637,Butter Chicken,5/9/2002,2.09,0.48,2.13,5.14
638,Pav Bhaji,3/20/2007,0.17,1.12,57.26,25.43
639,Pakora,2/9/2017,1.78,0.76,82.0,20.91
640,Naan,7/14/2013,2.0,2.37,51.04,14.45
641,Rogan Josh,7/4/2001,4.99,3.29,38.68,16.99
642,Vada Pav,10/8/2018,3.29,2.74,38.5,5.1
643,Jalebi,5/19/2020,3.82,2.08,9.87,18.22
644,Gulab Jamun,7/24/2011,0.14,2.41,67.08,28.27
645,Butter Chicken,9/2/2010,2.74,3.12,0.45,3.8
646,Lassi,8/22/2001,0.84,0.51,1.39,11.72
647,Lassi,2/19/2007,3.77,2.2,52.78,16.42
648,Paneer Tikka,3/27/2014,2.04,2.26,17.26,17.98
649,Palak Paneer,11/30/2021,0.62,1.64,43.42,5.93
650,Palak Paneer,5/3/2009,3.72,4.92,7.32,14.48
651,Gulab Jamun,6/11/2016,3.76,4.47,63.58,5.15
652,Chole Bhature,3/3/2014,4.08,3.17,62.15,0.35
653,Vada Pav,2/20/2012,4.44,2.96,67.9,21.19
654,Naan,8/6/2006,0.68,3.52,74.63,1.0
655,Malai Kofta,5/16/2006,4.48,2.45,68.51,22.79
656,Jalebi,12/10/2006,0.56,0.4,9.72,4.97
657,Pani Puri,5/2/2019,0.86,4.06,85.07,18.89
658,Tikka Masala,12/16/2001,0.37,1.24,63.3,22.9
659,Vada Pav,9/16/2013,3.13,1.41,16.61,29.09
660,Samosa,3/16/2004,2.06,4.15,43.73,20.2
661,Samosa,4/3/2013,0.48,3.91,84.87,8.22
662,Pakora,9/28/2011,1.87,2.54,49.48,8.26
663,Aloo Gobi,4/26/2016,0.54,3.39,31.37,3.23
664,Biryani,7/24/2021,3.27,4.45,37.92,21.15
665,Pav Bhaji,12/10/2011,3.09,3.02,43.64,2.62
666,Pakora,8/23/2001,0.25,2.45,89.94,2.73
667,Pav Bhaji,8/16/2001,1.99,0.18,82.92,8.22
668,Biryani,2/17/2011,0.14,3.74,98.7,21.14
669,Samosa,9/6/2017,0.58,1.33,16.71,8.46
670,Malai Kofta,12/9/2021,4.9,3.58,91.59,9.5
671,Malai Kofta,4/23/2014,0.81,0.06,94.26,22.58
672,Lassi,2/11/2004,3.9,2.58,27.77,29.33
673,Samosa,7/16/2009,1.91,4.77,63.27,8.65
674,Samosa,6/22/2005,2.33,1.69,7.71,11.53
675,Naan,4/22/2001,2.53,0.25,92.63,8.17
676,Rogan Josh,11/16/2006,1.1,1.93,79.78,4.2
677,Biryani,5/25/2002,2.12,2.53,62.36,17.1
678,Samosa,4/6/2010,2.26,2.12,44.93,16.9
679,Vada Pav,1/23/2006,2.98,0.53,49.13,24.1
680,Dosa,9/6/2000,1.42,4.31,57.27,17.24
681,Kheer,9/13/2009,1.51,4.91,67.21,21.5
682,Dosa,12/31/2005,4.71,2.68,57.85,9.04
683,Chole Bhature,8/24/2021,3.58,2.96,79.36,29.43
684,Vada Pav,12/21/2010,0.62,2.73,70.13,4.8
685,Aloo Gobi,3/16/2002,4.4,2.28,32.11,21.77
686,Chole Bhature,6/20/2016,3.4,3.25,54.88,27.22
687,Aloo Gobi,7/28/2012,2.94,2.54,83.37,28.92
688,Aloo Gobi,4/22/2006,0.44,3.73,17.42,18.95
689,Lassi,5/10/2016,4.55,3.05,2.09,6.25
690,Vada Pav,5/21/2006,4.0,2.08,59.09,3.01
691,Malai Kofta,8/28/2010,4.91,3.17,92.54,17.49
692,Lassi,2/1/2001,3.06,1.93,57.24,18.63
693,Biryani,12/24/2015,2.54,4.71,18.15,17.11
694,Paneer Tikka,7/14/2003,0.26,2.99,66.65,10.1
695,Gulab Jamun,7/10/2013,0.69,1.33,77.83,22.51
696,Pani Puri,1/31/2007,1.5,1.89,29.9,26.83
697,Biryani,8/27/2005,1.73,0.86,4.8,1.34
698,Jalebi,8/11/2000,2.13,0.74,92.38,14.95
699,Biryani,8/12/2005,2.11,0.77,55.32,22.59
700,Pani Puri,1/8/2010,3.2,3.4,98.22,3.8
701,Rogan Josh,4/20/2011,4.5,4.71,95.41,17.55
702,Dosa,3/8/2010,2.02,3.17,25.68,29.78
703,Samosa,2/21/2002,0.06,0.44,73.97,19.14
704,Biryani,4/28/2015,1.96,2.43,22.45,23.03
705,Palak Paneer,8/7/2013,2.93,0.57,83.13,5.9
706,Jalebi,7/27/2013,1.65,0.39,17.08,19.99
707,Chole Bhature,2/6/2014,3.31,1.14,9.54,14.18
708,Butter Chicken,11/10/2014,3.7,4.43,49.98,13.07
709,Chole Bhature,10/16/2020,0.2,1.03,6.4,13.03
710,Samosa,3/13/2019,0.46,2.83,62.14,6.9
711,Tikka Masala,3/24/2009,2.72,2.23,64.2,29.38
712,Malai Kofta,5/4/2019,4.61,2.64,44.39,25.8
713,Lassi,8/28/2016,3.52,0.74,47.74,2.36
714,Chole Bhature,1/5/2008,4.17,1.38,64.49,25.45
715,Rogan Josh,2/5/2021,3.41,0.65,18.2,6.39
716,Vada Pav,5/25/2012,2.73,4.48,83.86,21.73
717,Kheer,5/9/2017,3.24,1.91,30.11,11.36
718,Gulab Jamun,11/26/2005,1.98,3.4,47.25,6.49
719,Paneer Tikka,3/11/2012,0.81,0.97,32.36,21.01
720,Butter Chicken,6/22/2010,3.93,2.42,52.91,18.68
721,Pakora,12/3/2012,2.91,2.9,74.56,2.1
722,Aloo Gobi,6/26/2006,4.28,0.87,31.24,27.39
723,Butter Chicken,7/29/2002,3.49,4.71,43.84,27.9
724,Naan,4/22/2009,1.94,4.07,36.07,17.82
725,Tikka Masala,1/20/2007,0.77,2.17,34.5,13.68
726,Malai Kofta,10/21/2007,2.87,4.04,44.31,8.54
727,Pav Bhaji,8/18/2021,4.9,4.24,55.94,16.46
728,Vada Pav,11/29/2005,0.2,2.26,69.93,3.99
729,Pav Bhaji,5/23/2016,1.08,2.62,71.18,21.31
730,Biryani,6/1/2005,4.15,2.97,46.09,24.75
731,Jalebi,5/18/2000,0.51,1.84,22.35,11.9
732,Dosa,7/11/2001,1.95,1.11,49.31,22.74
733,Butter Chicken,2/1/2008,2.86,1.76,65.79,23.96
734,Lassi,10/27/2006,1.43,4.36,40.52,13.59
735,Dosa,9/25/2003,3.01,4.45,80.15,0.39
736,Pani Puri,4/30/2010,4.35,1.17,38.15,12.82
737,Pakora,1/30/2016,2.95,1.98,67.54,29.64
738,Aloo Gobi,2/24/2010,0.96,1.68,25.52,21.54
739,Vada Pav,8/25/2011,0.43,2.64,13.85,27.49
740,Lassi,3/25/2003,2.64,3.63,20.87,9.17
741,Malai Kofta,2/8/2004,4.17,3.97,75.88,22.37
742,Tikka Masala,5/21/2007,2.6,3.85,53.17,27.89
743,Vada Pav,11/20/2005,2.38,3.06,43.95,26.28
744,Butter Chicken,11/3/2000,0.31,0.94,39.35,5.73
745,Biryani,11/3/2013,3.88,0.21,32.56,4.0
746,Lassi,7/31/2012,0.32,2.57,30.07,15.71
747,Pav Bhaji,9/24/2017,3.73,4.55,49.93,25.49
748,Gulab Jamun,12/2/2001,2.35,1.96,29.39,29.71
749,Pav Bhaji,10/28/2011,4.41,0.01,84.4,1.81
750,Gulab Jamun,12/26/2008,2.72,3.2,40.01,20.57
751,Malai Kofta,5/29/2003,3.13,0.18,74.77,11.54
752,Biryani,9/22/2006,3.84,1.97,67.37,20.92
753,Pav Bhaji,1/4/2008,3.22,2.48,8.57,24.61
754,Vada Pav,12/20/2005,3.19,0.59,23.47,13.99
755,Naan,3/17/2005,4.63,2.58,21.89,14.05
756,Samosa,10/17/2013,2.54,2.27,69.01,25.77
757,Vada Pav,11/17/2018,0.53,2.62,31.07,0.79
758,Kheer,7/20/2020,1.2,1.6,12.57,19.14
759,Tikka Masala,4/12/2003,0.39,1.43,39.83,21.76
760,Gulab Jamun,11/6/2001,1.91,0.26,33.2,15.1
761,Pakora,12/25/2008,0.0,2.53,39.9,23.94
762,Jalebi,6/26/2003,3.87,0.74,21.25,23.11
763,Gulab Jamun,1/16/2011,3.75,2.74,38.76,11.21
764,Samosa,11/10/2019,1.32,4.03,23.61,10.93
765,Jalebi,1/24/2015,3.72,3.42,61.99,6.39
766,Lassi,6/8/2015,2.46,3.15,98.93,6.03
767,Chole Bhature,8/17/2000,3.74,2.5,0.65,28.11
768,Malai Kofta,3/7/2017,0.75,2.7,26.62,10.19
769,Lassi,8/30/2012,2.21,0.45,57.85,15.77
770,Samosa,8/25/2013,0.29,0.4,36.56,26.63
771,Rogan Josh,8/1/2015,2.85,3.16,27.27,24.06
772,Butter Chicken,5/12/2006,4.18,2.39,49.19,15.33
773,Pav Bhaji,1/17/2013,2.03,0.16,91.03,27.97
774,Kheer,2/9/2006,4.01,1.16,31.08,18.82
775,Jalebi,3/7/2005,2.49,3.8,91.56,1.18
776,Pav Bhaji,8/3/2001,4.38,4.29,72.8,18.57
777,Vada Pav,9/2/2011,1.67,4.59,71.17,10.65
778,Palak Paneer,12/8/2002,4.38,0.03,30.76,27.22
779,Aloo Gobi,4/13/2021,0.79,2.52,53.93,3.66
780,Pakora,2/1/2012,4.18,0.39,69.15,29.0
781,Paneer Tikka,6/10/2018,4.96,1.73,32.85,6.18
782,Gulab Jamun,10/22/2010,2.3,0.83,28.92,19.22
783,Naan,7/21/2019,0.68,0.01,52.13,27.09
784,Lassi,3/10/2010,0.38,2.44,53.69,4.78
785,Kheer,5/19/2008,2.4,4.78,0.51,25.24
786,Paneer Tikka,1/20/2002,1.99,4.25,96.72,26.91
787,Biryani,7/26/2019,1.23,3.66,94.64,5.44
788,Samosa,6/30/2015,1.65,3.33,93.17,27.87
789,Pakora,5/13/2021,2.06,3.28,98.4,22.61
790,Pakora,5/4/2012,4.18,1.71,54.84,6.32
791,Jalebi,5/2/2003,2.36,1.77,46.71,22.52
792,Rogan Josh,5/7/2007,1.71,3.26,98.18,7.55
793,Vada Pav,4/16/2009,3.65,2.79,45.73,28.25
794,Butter Chicken,6/20/2011,1.37,1.81,21.68,14.54
795,Lassi,12/7/2015,4.03,1.46,99.94,0.67
796,Dosa,1/1/2009,1.52,3.46,81.73,15.97
797,Pav Bhaji,9/5/2015,2.57,1.24,83.75,19.09
798,Jalebi,6/29/2000,4.53,4.57,85.11,13.97
799,Palak Paneer,2/19/2004,2.12,1.93,48.55,25.42
800,Chole Bhature,10/29/2014,2.23,1.3,78.94,1.92
801,Butter Chicken,6/6/2008,2.74,1.47,65.98,0.15
802,Pakora,9/6/2016,4.74,0.58,11.96,24.76
803,Pav Bhaji,8/29/2020,1.87,4.92,96.65,0.22
804,Paneer Tikka,7/1/2020,0.06,0.15,35.14,2.79
805,Biryani,3/16/2009,1.3,0.63,76.68,27.79
806,Chole Bhature,12/8/2005,4.37,3.1,93.65,25.33
807,Palak Paneer,7/1/2003,1.13,0.35,65.87,29.9
808,Lassi,6/1/2005,3.19,3.01,89.01,5.27
809,Naan,7/3/2008,2.73,0.81,55.33,19.35
810,Palak Paneer,7/12/2009,3.68,0.64,42.41,6.13
811,Kheer,3/13/2008,2.25,2.86,30.36,7.87
812,Pakora,9/30/2008,0.22,2.59,70.45,15.36
813,Gulab Jamun,10/10/2001,4.64,2.17,59.65,25.18
814,Vada Pav,10/28/2000,2.83,2.4,57.12,25.28
815,Pani Puri,7/30/2010,3.3,1.23,68.57,25.99
816,Pani Puri,5/27/2010,2.26,2.67,25.45,15.48
817,Lassi,4/29/2021,2.26,3.91,78.99,13.86
818,Palak Paneer,6/27/2007,1.93,0.95,10.81,2.28
819,Pani Puri,8/28/2007,1.43,4.71,9.04,21.93
820,Gulab Jamun,6/5/2006,4.22,0.2,95.22,19.32
821,Jalebi,7/28/2021,1.85,3.47,18.11,0.97
822,Rogan Josh,10/29/2011,1.38,3.3,15.1,27.42
823,Pani Puri,6/18/2013,2.26,4.86,78.47,21.0
824,Malai Kofta,3/9/2016,0.26,3.03,32.49,14.51
825,Biryani,10/16/2017,3.61,2.46,50.88,17.14
826,Jalebi,11/26/2012,1.83,0.2,84.85,1.95
827,Aloo Gobi,2/13/2009,2.13,2.32,61.69,0.18
828,Samosa,3/10/2015,0.56,4.83,83.67,1.74
829,Pav Bhaji,5/23/2020,0.13,0.58,20.3,15.34
830,Pav Bhaji,1/17/2012,3.1,2.38,26.34,18.73
831,Dosa,8/20/2009,2.4,1.11,43.92,29.37
832,Jalebi,7/12/2015,1.38,3.51,90.19,19.09
833,Malai Kofta,8/11/2020,2.73,1.09,88.27,2.93
834,Naan,4/26/2012,1.21,3.82,25.52,6.55
835,Naan,1/7/2017,0.98,0.8,27.57,15.6
836,Samosa,7/4/2001,3.64,2.08,39.32,7.01
837,Malai Kofta,12/7/2019,2.06,1.73,87.68,10.97
838,Rogan Josh,11/22/2010,3.56,3.34,21.04,9.56
839,Lassi,1/24/2002,3.63,0.59,52.06,18.13
840,Butter Chicken,7/8/2000,0.21,3.94,70.35,25.73
841,Pakora,12/16/2006,4.58,4.84,22.76,17.31
842,Aloo Gobi,12/18/2001,4.27,1.77,10.25,13.26
843,Malai Kofta,3/16/2018,4.49,2.96,91.23,12.76
844,Palak Paneer,11/19/2020,3.24,3.6,76.62,21.11
845,Chole Bhature,11/24/2013,4.1,2.39,61.49,0.8
846,Aloo Gobi,1/4/2012,1.4,1.29,54.86,25.91
847,Butter Chicken,6/25/2001,4.78,2.17,28.28,13.59
848,Gulab Jamun,2/18/2001,3.72,1.83,19.45,26.12
849,Malai Kofta,12/9/2017,2.74,3.46,11.69,28.72
850,Aloo Gobi,7/14/2017,0.42,1.82,12.08,22.73
851,Naan,12/14/2011,3.2,1.76,1.73,10.94
852,Pani Puri,8/1/2004,3.6,4.76,54.63,25.21
853,Kheer,1/16/2015,2.99,1.93,93.79,29.1
854,Malai Kofta,2/11/2017,3.44,0.89,17.08,21.87
855,Biryani,1/24/2015,2.72,2.74,75.5,7.0
856,Gulab Jamun,10/17/2015,1.92,0.45,66.27,14.97
857,Gulab Jamun,2/23/2021,0.01,2.05,49.44,23.55
858,Pani Puri,3/5/2008,2.36,4.9,36.16,14.48
859,Samosa,7/15/2020,0.63,0.13,8.85,5.46
860,Pav Bhaji,10/18/2000,2.88,4.38,89.93,4.08
861,Naan,3/20/2008,2.96,2.39,57.0,9.3
862,Chole Bhature,8/5/2019,2.69,3.92,67.6,10.26
863,Rogan Josh,12/12/2005,0.99,3.37,92.38,0.79
864,Pav Bhaji,12/16/2001,0.33,4.49,74.73,27.36
865,Jalebi,10/4/2017,3.76,3.19,8.97,9.45
866,Naan,9/10/2015,4.34,0.8,96.94,20.81
867,Butter Chicken,12/25/2019,2.25,1.41,41.47,7.06
868,Samosa,12/5/2020,1.37,0.47,66.58,5.3
869,Kheer,7/25/2019,2.43,4.21,45.23,16.16
870,Naan,8/16/2018,0.47,4.22,48.9,24.67
871,Dosa,2/4/2015,1.74,4.41,63.39,6.29
872,Vada Pav,2/5/2019,4.72,4.65,13.63,5.73
873,Jalebi,3/28/2014,2.2,1.74,54.73,11.85
874,Vada Pav,4/12/2010,3.93,0.56,24.66,22.07
875,Biryani,10/30/2004,1.76,1.63,81.83,16.95
876,Kheer,2/16/2007,0.3,2.0,57.38,19.13
877,Malai Kofta,2/5/2013,1.65,4.3,43.69,19.41
878,Pav Bhaji,3/26/2013,4.25,3.22,64.73,29.32
879,Rogan Josh,3/24/2009,0.67,0.8,43.79,2.99
880,Pakora,7/1/2009,0.96,3.47,70.16,13.96
881,Palak Paneer,7/18/2015,3.94,4.73,90.71,20.52
882,Malai Kofta,2/7/2000,2.54,4.32,55.66,23.61
883,Pav Bhaji,4/10/2013,2.97,1.47,37.57,11.55
884,Kheer,12/29/2002,0.63,3.83,94.22,18.58
885,Samosa,1/22/2002,4.69,4.94,27.6,8.47
886,Gulab Jamun,4/5/2010,0.85,2.09,78.71,3.25
887,Biryani,5/31/2009,3.45,3.34,80.36,17.9
888,Biryani,8/9/2016,2.14,0.58,64.85,16.87
889,Pani Puri,5/8/2015,1.76,3.71,92.98,23.26
890,Chole Bhature,5/8/2013,4.52,2.3,34.34,23.97
891,Lassi,1/26/2012,4.64,4.57,37.49,11.54
892,Butter Chicken,11/28/2017,2.82,3.97,79.98,23.57
893,Aloo Gobi,1/23/2002,0.33,4.66,41.09,29.24
894,Kheer,2/20/2018,0.5,0.84,38.94,24.29
895,Aloo Gobi,6/19/2021,2.36,4.99,21.21,17.12
896,Malai Kofta,11/1/2015,4.8,4.17,27.85,5.22
897,Kheer,9/23/2001,1.04,0.05,41.12,26.68
898,Butter Chicken,11/29/2019,2.84,4.57,22.73,3.79
899,Jalebi,2/5/2005,3.96,1.66,86.37,2.98
900,Butter Chicken,8/3/2005,2.19,3.77,41.36,6.08
901,Paneer Tikka,5/26/2014,4.52,1.88,65.15,8.95
902,Gulab Jamun,9/26/2007,4.08,1.7,34.49,22.13
903,Rogan Josh,2/16/2008,3.8,2.54,56.99,22.91
904,Rogan Josh,10/18/2018,4.57,3.26,36.84,0.01
905,Jalebi,6/26/2006,4.15,2.63,93.01,14.44
906,Pani Puri,8/19/2010,0.68,0.99,36.45,27.29
907,Vada Pav,7/5/2016,3.01,2.94,90.13,15.44
908,Naan,12/1/2003,2.92,4.42,57.27,12.82
909,Biryani,3/18/2006,0.73,3.99,66.44,5.97
910,Naan,5/9/2007,0.08,0.86,35.44,27.67
911,Rogan Josh,3/23/2005,0.49,0.59,37.88,27.06
912,Samosa,9/7/2006,1.92,0.03,71.91,1.33
913,Pakora,3/19/2015,3.5,1.72,71.91,15.04
914,Biryani,7/16/2016,3.23,3.09,70.29,22.25
915,Paneer Tikka,7/29/2014,4.67,1.01,83.88,6.32
916,Jalebi,7/16/2003,2.32,2.52,3.37,0.38
917,Samosa,12/15/2012,0.31,0.97,54.89,11.97
918,Vada Pav,11/17/2019,0.97,1.6,8.19,22.59
919,Jalebi,12/6/2008,2.23,3.94,83.32,14.49
920,Malai Kofta,2/21/2001,2.32,0.43,86.8,16.12
921,Lassi,1/1/2008,1.42,3.68,67.32,23.18
922,Dosa,11/14/2003,4.41,0.88,13.85,9.81
923,Jalebi,7/6/2017,4.91,2.24,60.6,0.54
924,Biryani,8/16/2007,1.25,3.74,56.11,4.16
925,Rogan Josh,2/6/2019,2.91,4.46,47.34,17.36
926,Pani Puri,12/15/2017,2.53,3.28,80.73,20.73
927,Samosa,3/25/2007,2.54,3.14,42.23,26.21
928,Kheer,1/20/2016,2.7,0.37,91.38,6.85
929,Biryani,3/8/2009,1.02,1.3,16.48,26.79
930,Vada Pav,11/7/2016,3.3,4.47,99.53,25.0
931,Vada Pav,6/16/2002,3.68,0.8,17.1,0.43
932,Aloo Gobi,7/8/2004,2.87,1.62,0.84,7.19
933,Aloo Gobi,6/21/2006,3.26,0.04,51.73,11.52
934,Pani Puri,3/29/2004,0.56,3.01,16.39,8.34
935,Vada Pav,8/15/2013,2.52,3.07,94.91,20.37
936,Palak Paneer,8/31/2013,2.97,1.76,82.31,4.18
937,Paneer Tikka,9/10/2020,2.24,1.53,27.87,6.77
938,Tikka Masala,5/25/2008,0.77,0.52,12.52,17.86
939,Kheer,9/11/2021,1.51,1.64,56.16,13.92
940,Samosa,11/15/2004,2.53,2.18,76.66,11.75
941,Lassi,5/13/2008,3.16,0.23,64.57,23.66
942,Malai Kofta,3/20/2020,1.79,0.6,5.17,3.59
943,Tikka Masala,4/27/2013,2.14,0.89,37.41,20.62
944,Butter Chicken,1/21/2010,3.51,1.36,3.7,23.65
945,Kheer,12/22/2002,2.69,2.78,4.58,20.53
946,Chole Bhature,12/31/2008,3.71,0.81,76.95,22.46
947,Chole Bhature,12/4/2013,4.09,1.78,38.82,9.92
948,Paneer Tikka,11/24/2018,1.78,4.54,49.25,27.08
949,Lassi,11/2/2011,2.83,1.07,41.43,17.04
950,Chole Bhature,7/21/2017,0.54,1.65,22.88,14.15
951,Pani Puri,12/27/2001,4.18,4.02,32.82,19.42
952,Pav Bhaji,6/25/2017,4.49,0.28,67.87,19.31
953,Jalebi,6/5/2012,4.39,1.68,22.66,3.98
954,Palak Paneer,6/7/2015,2.5,0.61,72.24,28.4
955,Jalebi,6/28/2002,3.96,3.32,47.52,5.38
956,Dosa,9/11/2001,1.45,3.07,2.17,11.25
957,Rogan Josh,6/24/2016,4.26,4.11,12.99,24.76
958,Aloo Gobi,5/18/2012,3.92,2.13,77.28,16.7
959,Pakora,4/5/2001,3.63,2.91,63.66,27.07
960,Jalebi,9/10/2006,2.6,2.63,93.16,10.06
961,Pakora,8/10/2003,3.66,2.92,48.91,9.38
962,Vada Pav,10/30/2017,4.42,4.75,78.73,13.75
963,Pani Puri,12/8/2004,2.03,1.33,93.54,2.54
964,Tikka Masala,8/25/2004,4.52,3.36,29.83,21.48
965,Paneer Tikka,1/14/2007,4.55,3.11,86.06,23.2
966,Dosa,3/17/2009,4.32,0.41,12.86,23.87
967,Biryani,3/12/2001,4.09,2.45,35.93,12.32
968,Kheer,1/14/2007,2.32,0.78,83.76,24.62
969,Kheer,12/7/2014,0.3,3.6,82.85,25.94
970,Biryani,8/28/2015,1.04,0.75,92.68,2.22
971,Vada Pav,11/23/2008,1.0,2.06,57.05,21.87
972,Kheer,5/3/2004,4.61,3.3,64.7,22.9
973,Chole Bhature,6/12/2000,1.86,3.71,46.65,25.47
974,Vada Pav,5/24/2013,3.08,3.64,2.02,25.01
975,Naan,2/5/2007,2.44,3.76,68.03,7.84
976,Paneer Tikka,1/10/2011,3.36,2.69,27.52,10.79
977,Chole Bhature,10/12/2001,4.19,0.5,13.2,26.34
978,Butter Chicken,9/27/2015,4.64,1.88,13.15,23.0
979,Samosa,12/4/2017,1.29,0.27,37.03,11.41
980,Pani Puri,9/14/2005,1.27,0.9,13.16,8.07
981,Pani Puri,11/13/2017,0.6,2.44,74.63,25.31
982,Chole Bhature,2/20/2002,0.88,2.56,26.33,15.11
983,Palak Paneer,6/4/2003,3.62,2.08,96.58,3.28
984,Jalebi,10/11/2008,4.33,2.22,95.59,27.9
985,Chole Bhature,7/7/2005,0.52,1.53,4.37,22.57
986,Paneer Tikka,12/17/2000,2.43,2.03,13.18,2.51
987,Kheer,10/29/2020,4.13,0.23,69.83,23.02
988,Naan,7/4/2007,4.37,0.08,46.43,10.39
989,Vada Pav,10/22/2010,1.15,0.88,8.27,25.49
990,Kheer,5/4/2019,2.89,0.12,24.89,22.45
991,Dosa,5/17/2020,4.07,0.43,89.02,5.54
992,Jalebi,11/22/2016,0.25,2.99,96.37,24.58
993,Gulab Jamun,1/18/2015,1.46,4.82,16.26,29.01
994,Paneer Tikka,1/4/2013,4.81,1.13,30.87,22.91
995,Tikka Masala,1/7/2019,2.55,3.67,3.24,6.4
996,Pav Bhaji,5/3/2018,4.68,1.01,83.61,21.7
997,Pav Bhaji,10/10/2003,0.11,1.89,39.55,25.14
998,Naan,9/5/2012,1.28,4.09,42.15,21.75
999,Chole Bhature,11/25/2010,2.63,1.21,76.11,1.23
1000,Tikka Masala,6/17/2001,3.71,1.09,9.28,24.68
